Age,Average_Order_Sum
48,502.58320347346825
35,640.528219417459
34,571.4306617368729
32,470.91893138854334
31,396.68952704948066
39,409.72695818926286
46,484.50601900247443
41,544.6132532382522
31,406.0205957382176
55,537.3339751767412
40,552.6648460938377
57,688.7776583809241
39,331.52100526265525
54,305.15664868365354
29,407.37633902115437
26,475.99515812334243
29,670.3385876293397
41,556.8242455528532
49,602.7987021667917
48,191.92408355955217
